125.66,1.4737e+06,-1.3429e+06,1473.7,-1342.9
138.23,1.326e+06,-1.0421e+06,1326,-1042.1
157.08,1.2069e+06,-9.2101e+05,1206.9,-921.01
175.93,1.1167e+06,-8.9973e+05,1116.7,-899.73
194.78,1.0375e+06,-9.4994e+05,1037.5,-949.94
213.63,8.4453e+05,-1.3814e+06,844.53,-1381.4
238.76,5.6657e+05,-1.5156e+06,566.57,-1515.6
270.18,4.2381e+05,-1.4548e+06,423.81,-1454.8
301.59,4.6843e+05,-1.2682e+06,468.43,-1268.2
333.01,4.1648e+05,-1.1678e+06,416.48,-1167.8
370.71,3.7008e+05,-1.0787e+06,370.08,-1078.7
414.69,3.2256e+05,-9.9406e+05,322.56,-994.06
458.67,2.8399e+05,-9.1037e+05,283.99,-910.37
515.22,2.4824e+05,-8.3686e+05,248.24,-836.86
571.77,2.2093e+05,-7.6347e+05,220.93,-763.47
634.6,1.9677e+05,-7.0013e+05,196.77,-700.13
710,1.7246e+05,-6.4247e+05,172.46,-642.47
791.68,1.5026e+05,-5.892e+05,150.26,-589.2
879.65,1.3039e+05,-5.3929e+05,130.39,-539.29
980.18,1.1258e+05,-4.9206e+05,112.58,-492.06
1093.3,97694,-4.4851e+05,97.694,-448.51
1218.9,84503,-4.0895e+05,84.503,-408.95
1357.2,73594,-3.7161e+05,73.594,-371.61
1514.2,64169,-3.3779e+05,64.169,-337.79
1683.9,56007,-3.066e+05,56.007,-306.6
1878.7,48856,-2.7814e+05,48.856,-278.14
2092.3,42799,-2.5213e+05,42.799,-252.13
2331.1,37603,-2.2849e+05,37.603,-228.49
2601.2,33166,-2.0689e+05,33.166,-206.89
2896.5,29427,-1.8748e+05,29.427,-187.48
3229.6,26176,-1.6979e+05,26.176,-169.79
3594,23354,-1.5377e+05,23.354,-153.77
4008.7,20866,-1.3928e+05,20.866,-139.28
4467.3,18710,-1.262e+05,18.71,-126.2
4976.3,16762,-1.1426e+05,16.762,-114.26
5541.8,15049,-1.0345e+05,15.049,-103.45
6176.4,13548,-93776,13.548,-93.776
6886.4,12201,-84961,12.201,-84.961
7671.8,11007,-77033,11.007,-77.033
8545.1,9916.6,-69779,9.9166,-69.779
9525.3,8913.8,-63223,8.9138,-63.223
10612,8012.5,-57358,8.0125,-57.358
11825,7179.2,-52034,7.1792,-52.034
13176,6423,-47151,6.423,-47.151
14684,5742.2,-42769,5.7422,-42.769
16361,5120.4,-38776,5.1204,-38.776
18228,4552,-35116,4.552,-35.116
20314,4043.1,-31809,4.0431,-31.809
22632,3578.9,-28827,3.5789,-28.827
25221,3163.7,-26132,3.1637,-26.132
28098,2789,-23676,2.789,-23.676
31309,2452.3,-21437,2.4523,-21.437
34891,2149.4,-19405,2.1494,-19.405
38874,1874.6,-17549,1.8746,-17.549
43316,1632.6,-15853,1.6326,-15.853
48267,1421.3,-14322,1.4213,-14.322
53784,1236.3,-12936,1.2363,-12.936
59929,1068.7,-11683,1.0687,-11.683
66778,928.02,-10546,0.92802,-10.546
74405,799.23,-9519.9,0.79923,-9.5199
82907,684.44,-8590.8,0.68444,-8.5908
92382,581.14,-7753.6,0.58114,-7.7536
1.0294e+05,497.1,-6988.9,0.4971,-6.9889
1.147e+05,430.24,-6293.1,0.43024,-6.2931
1.2781e+05,371.5,-5666.9,0.3715,-5.6669
1.4241e+05,319.89,-5104.1,0.31989,-5.1041
1.5868e+05,276.45,-4595.9,0.27645,-4.5959
1.7682e+05,237.93,-4139,0.23793,-4.139
1.9702e+05,204.52,-3727.5,0.20452,-3.7275
2.1953e+05,175.68,-3357.1,0.17568,-3.3571
2.4462e+05,152.36,-3020.9,0.15236,-3.0209
2.7257e+05,133.26,-2717.4,0.13326,-2.7174
3.0372e+05,116.58,-2444.1,0.11658,-2.4441
3.3842e+05,102.59,-2198,0.10259,-2.198
3.7709e+05,90.7,-1976.3,0.0907,-1.9763
4.2018e+05,80.689,-1777,0.080689,-1.777
4.682e+05,72.167,-1597.7,0.072167,-1.5977
5.2169e+05,64.925,-1436.5,0.064925,-1.4365
5.8131e+05,58.805,-1291.4,0.058805,-1.2914
6.4773e+05,53.719,-1161,0.053719,-1.161
7.2175e+05,49.339,-1043.7,0.049339,-1.0437
8.0422e+05,45.475,-938.3,0.045475,-0.9383
8.9612e+05,42.118,-843.63,0.042118,-0.84363
9.9852e+05,39.243,-758.49,0.039243,-0.75849
1.1126e+06,36.793,-682.02,0.036793,-0.68202
1.2397e+06,34.731,-613.3,0.034731,-0.6133
1.3814e+06,33.021,-551.56,0.033021,-0.55156
1.5393e+06,31.603,-496.14,0.031603,-0.49614
1.7152e+06,30.404,-446.46,0.030404,-0.44646
1.9111e+06,29.376,-401.96,0.029376,-0.40196
2.1295e+06,28.492,-362.03,0.028492,-0.36203
2.3729e+06,27.751,-326.25,0.027751,-0.32625
2.644e+06,27.138,-294.29,0.027138,-0.29429
2.9461e+06,26.622,-265.71,0.026622,-0.26571
3.2828e+06,26.194,-240.18,0.026194,-0.24018
3.6579e+06,25.863,-217.43,0.025863,-0.21743
4.0759e+06,25.602,-197.2,0.025602,-0.1972
4.5416e+06,25.555,-179.44,0.025555,-0.17944
5.0606e+06,25.449,-163.69,0.025449,-0.16369
5.6388e+06,25.258,-149.7,0.025258,-0.1497
6.2832e+06,24.973,-137.24,0.024973,-0.13724
125.66,1.3273e+06,-1.2718e+06,1327.3,-1271.8
138.23,1.2572e+06,-1.1856e+06,1257.2,-1185.6
157.08,1.1745e+06,-1.1504e+06,1174.5,-1150.4
175.93,1.0796e+06,-1.1514e+06,1079.6,-1151.4
194.78,9.6871e+05,-1.1755e+06,968.71,-1175.5
213.63,6.7306e+05,-1.4777e+06,673.06,-1477.7
238.76,5.1481e+05,-1.4149e+06,514.81,-1414.9
270.18,5.2889e+05,-1.226e+06,528.89,-1226
301.59,4.6394e+05,-1.1302e+06,463.94,-1130.2
333.01,4.1544e+05,-1.0403e+06,415.44,-1040.3
370.71,3.7458e+05,-9.6324e+05,374.58,-963.24
414.69,3.3522e+05,-8.916e+05,335.22,-891.6
458.67,2.9792e+05,-8.2177e+05,297.92,-821.77
515.22,2.6497e+05,-7.5966e+05,264.97,-759.66
571.77,2.3543e+05,-6.9995e+05,235.43,-699.95
634.6,2.0978e+05,-6.4663e+05,209.78,-646.63
710,1.8481e+05,-5.9464e+05,184.81,-594.64
791.68,1.6301e+05,-5.4682e+05,163.01,-546.82
879.65,1.4335e+05,-5.0272e+05,143.35,-502.72
980.18,1.252e+05,-4.611e+05,125.2,-461.1
1093.3,1.0887e+05,-4.2185e+05,108.87,-421.85
1218.9,94913,-3.8632e+05,94.913,-386.32
1357.2,82682,-3.5286e+05,82.682,-352.86
1514.2,71743,-3.2195e+05,71.743,-321.95
1683.9,62268,-2.9318e+05,62.268,-293.18
1878.7,54211,-2.6687e+05,54.211,-266.87
2092.3,47282,-2.4257e+05,47.282,-242.57
2331.1,41313,-2.2035e+05,41.313,-220.35
2601.2,36152,-1.9984e+05,36.152,-199.84
2896.5,31760,-1.8134e+05,31.76,-181.34
3229.6,27903,-1.6439e+05,27.903,-164.39
3594,24563,-1.4897e+05,24.563,-148.97
4008.7,21706,-1.3499e+05,21.706,-134.99
4467.3,19289,-1.2236e+05,19.289,-122.36
4976.3,17189,-1.1085e+05,17.189,-110.85
5541.8,15366,-1.0038e+05,15.366,-100.38
6176.4,13784,-90971,13.784,-90.971
6886.4,12380,-82387,12.38,-82.387
7671.8,11122,-74609,11.122,-74.609
8545.1,10012,-67651,10.012,-67.651
9525.3,9016.9,-61306,9.0169,-61.306
10612,8122.8,-55613,8.1228,-55.613
11825,7306.2,-50392,7.3062,-50.392
13176,6569.9,-45692,6.5699,-45.692
14684,5895.1,-41406,5.8951,-41.406
16361,5283.2,-37535,5.2832,-37.535
18228,4728.7,-33999,4.7287,-33.999
20314,4231.7,-30840,4.2317,-30.84
22632,3779.1,-27969,3.7791,-27.969
25221,3361.2,-25342,3.3612,-25.342
28098,2988.5,-22970,2.9885,-22.97
31309,2648.8,-20832,2.6488,-20.832
34891,2341.9,-18876,2.3419,-18.876
38874,2065.7,-17100,2.0657,-17.1
43316,1816.9,-15477,1.8169,-15.477
48267,1593.7,-14009,1.5937,-14.009
53784,1395.1,-12672,1.3951,-12.672
59929,1217.9,-11446,1.2179,-11.446
66778,1055.4,-10347,1.0554,-10.347
74405,909.05,-9353.7,0.90905,-9.3537
82907,780.8,-8452.8,0.7808,-8.4528
92382,669.58,-7635.1,0.66958,-7.6351
1.0294e+05,574.39,-6893.9,0.57439,-6.8939
1.147e+05,493.97,-6222,0.49397,-6.222
1.2781e+05,426.4,-5611.9,0.4264,-5.6119
1.4241e+05,368.87,-5057.1,0.36887,-5.0571
1.5868e+05,318.76,-4557.2,0.31876,-4.5572
1.7682e+05,275.78,-4105,0.27578,-4.105
1.9702e+05,238.9,-3696.9,0.2389,-3.6969
2.1953e+05,207.23,-3328.4,0.20723,-3.3284
2.4462e+05,180.16,-2996.1,0.18016,-2.9961
2.7257e+05,157.12,-2696.4,0.15712,-2.6964
3.0372e+05,137.58,-2426.4,0.13758,-2.4264
3.3842e+05,121.16,-2182.7,0.12116,-2.1827
3.7709e+05,107.23,-1963.2,0.10723,-1.9632
4.2018e+05,95.421,-1765.4,0.095421,-1.7654
4.682e+05,85.459,-1587.3,0.085459,-1.5873
5.2169e+05,76.93,-1426.8,0.07693,-1.4268
5.8131e+05,69.698,-1282.4,0.069698,-1.2824
6.4773e+05,63.706,-1152.5,0.063706,-1.1525
7.2175e+05,58.522,-1035.6,0.058522,-1.0356
8.0422e+05,53.981,-930.27,0.053981,-0.93027
8.9612e+05,50.067,-835.5,0.050067,-0.8355
9.9852e+05,46.742,-750.32,0.046742,-0.75032
1.1126e+06,43.95,-673.74,0.04395,-0.67374
1.2397e+06,41.562,-604.69,0.041562,-0.60469
1.3814e+06,39.588,-542.56,0.039588,-0.54256
1.5393e+06,37.938,-486.65,0.037938,-0.48665
1.7152e+06,36.537,-436.27,0.036537,-0.43627
1.9111e+06,35.337,-390.93,0.035337,-0.39093
2.1295e+06,34.326,-350.06,0.034326,-0.35006
2.3729e+06,33.468,-313.2,0.033468,-0.3132
2.644e+06,32.738,-279.91,0.032738,-0.27991
2.9461e+06,32.108,-249.85,0.032108,-0.24985
3.2828e+06,31.565,-222.67,0.031565,-0.22267
3.6579e+06,31.092,-198.07,0.031092,-0.19807
4.0759e+06,30.675,-175.75,0.030675,-0.17575
4.5416e+06,31,-154.52,0.031,-0.15452
5.0606e+06,30.923,-135.73,0.030923,-0.13573
5.6388e+06,30.419,-119.31,0.030419,-0.11931
6.2832e+06,29.554,-105.07,0.029554,-0.10507
125.66,9.5372e+05,-2.6498e+06,953.72,-2649.8
138.23,1.1601e+06,-1.9584e+06,1160.1,-1958.4
157.08,1.1132e+06,-1.5425e+06,1113.2,-1542.5
175.93,1.0109e+06,-1.3037e+06,1010.9,-1303.7
194.78,9.029e+05,-1.1656e+06,902.9,-1165.6
213.63,7.6614e+05,-1.162e+06,766.14,-1162
238.76,6.7489e+05,-1.095e+06,674.89,-1095
270.18,5.9358e+05,-1.0403e+06,593.58,-1040.3
301.59,5.2144e+05,-9.6576e+05,521.44,-965.76
333.01,4.5626e+05,-8.9785e+05,456.26,-897.85
370.71,4.0537e+05,-8.3815e+05,405.37,-838.15
414.69,3.5489e+05,-7.8062e+05,354.89,-780.62
458.67,3.1629e+05,-7.205e+05,316.29,-720.5
515.22,2.8021e+05,-6.654e+05,280.21,-665.4
571.77,2.4931e+05,-6.1662e+05,249.31,-616.62
634.6,2.2232e+05,-5.7076e+05,222.32,-570.76
710,1.9775e+05,-5.26e+05,197.75,-526
791.68,1.7573e+05,-4.8624e+05,175.73,-486.24
879.65,1.564e+05,-4.4875e+05,156.4,-448.75
980.18,1.3855e+05,-4.1382e+05,138.55,-413.82
1093.3,1.2261e+05,-3.8103e+05,122.61,-381.03
1218.9,1.0816e+05,-3.5102e+05,108.16,-351.02
1357.2,94762,-3.226e+05,94.762,-322.6
1514.2,82942,-2.9607e+05,82.942,-296.07
1683.9,72348,-2.7111e+05,72.348,-271.11
1878.7,62973,-2.4815e+05,62.973,-248.15
2092.3,54855,-2.2694e+05,54.855,-226.94
2331.1,47695,-2.0711e+05,47.695,-207.11
2601.2,41452,-1.8873e+05,41.452,-188.73
2896.5,36090,-1.7194e+05,36.09,-171.94
3229.6,31405,-1.5624e+05,31.405,-156.24
3594,27389,-1.4194e+05,27.389,-141.94
4008.7,23942,-1.2872e+05,23.942,-128.72
4467.3,20985,-1.1676e+05,20.985,-116.76
4976.3,18476,-1.0591e+05,18.476,-105.91
5541.8,16312,-95945,16.312,-95.945
6176.4,14443,-87019,14.443,-87.019
6886.4,12821,-78867,12.821,-78.867
7671.8,11429,-71432,11.429,-71.432
8545.1,10221,-64787,10.221,-64.787
9525.3,9153.7,-58699,9.1537,-58.699
10612,8220.8,-53229,8.2208,-53.229
11825,7387.8,-48218,7.3878,-48.218
13176,6642.8,-43666,6.6428,-43.666
14684,5979.9,-39605,5.9799,-39.605
16361,5379.9,-35880,5.3799,-35.88
18228,4848.1,-32507,4.8481,-32.507
20314,4372.4,-29504,4.3724,-29.504
22632,3933.9,-26754,3.9339,-26.754
25221,3537,-24287,3.537,-24.287
28098,3172.4,-22015,3.1724,-22.015
31309,2842.1,-19976,2.8421,-19.976
34891,2539.1,-18122,2.5391,-18.122
38874,2262.8,-16424,2.2628,-16.424
43316,2009.6,-14883,2.0096,-14.883
48267,1781.5,-13488,1.7815,-13.488
53784,1570.9,-12217,1.5709,-12.217
59929,1395.4,-11059,1.3954,-11.059
66778,1225.9,-10014,1.2259,-10.014
74405,1068.5,-9073.6,1.0685,-9.0736
82907,925.64,-8218.6,0.92564,-8.2186
92382,799.09,-7441,0.79909,-7.441
1.0294e+05,688.12,-6732.6,0.68812,-6.7326
1.147e+05,592.89,-6087.2,0.59289,-6.0872
1.2781e+05,511.82,-5499.3,0.51182,-5.4993
1.4241e+05,445.01,-4962.7,0.44501,-4.9627
1.5868e+05,385.4,-4477.7,0.3854,-4.4777
1.7682e+05,333.8,-4038.3,0.3338,-4.0383
1.9702e+05,289.12,-3641.2,0.28912,-3.6412
2.1953e+05,250.44,-3282.2,0.25044,-3.2822
2.4462e+05,217.26,-2957.8,0.21726,-2.9578
2.7257e+05,188.78,-2664.4,0.18878,-2.6644
3.0372e+05,164.51,-2399.5,0.16451,-2.3995
3.3842e+05,143.91,-2160.1,0.14391,-2.1601
3.7709e+05,126.51,-1944.1,0.12651,-1.9441
4.2018e+05,111.74,-1749.2,0.11174,-1.7492
4.682e+05,99.179,-1573.6,0.099179,-1.5736
5.2169e+05,88.496,-1415.3,0.088496,-1.4153
5.8131e+05,79.46,-1272.7,0.07946,-1.2727
6.4773e+05,71.947,-1144.2,0.071947,-1.1442
7.2175e+05,65.458,-1028.4,0.065458,-1.0284
8.0422e+05,59.825,-924.22,0.059825,-0.92422
8.9612e+05,55.003,-830.48,0.055003,-0.83048
9.9852e+05,50.882,-745.95,0.050882,-0.74595
1.1126e+06,47.382,-669.87,0.047382,-0.66987
1.2397e+06,44.484,-601.41,0.044484,-0.60141
1.3814e+06,42.064,-539.71,0.042064,-0.53971
1.5393e+06,40.055,-484.08,0.040055,-0.48408
1.7152e+06,38.34,-433.98,0.03834,-0.43398
1.9111e+06,36.904,-388.94,0.036904,-0.38894
2.1295e+06,35.677,-348.31,0.035677,-0.34831
2.3729e+06,34.63,-311.67,0.03463,-0.31167
2.644e+06,33.739,-278.58,0.033739,-0.27858
2.9461e+06,32.991,-248.72,0.032991,-0.24872
3.2828e+06,32.352,-221.69,0.032352,-0.22169
3.6579e+06,31.812,-197.19,0.031812,-0.19719
4.0759e+06,31.341,-174.97,0.031341,-0.17497
4.5416e+06,31.641,-153.85,0.031641,-0.15385
5.0606e+06,31.544,-135.15,0.031544,-0.13515
5.6388e+06,31.019,-118.8,0.031019,-0.1188
6.2832e+06,30.132,-104.61,0.030132,-0.10461
125.66,1.0679e+06,-1.8831e+06,1067.9,-1883.1
138.23,1.1922e+06,-1.2286e+06,1192.2,-1228.6
157.08,1.093e+06,-8.9127e+05,1093,-891.27
175.93,9.8056e+05,-7.3012e+05,980.56,-730.12
194.78,8.861e+05,-6.5923e+05,886.1,-659.23
213.63,8.1794e+05,-7.3268e+05,817.94,-732.68
238.76,7.3491e+05,-7.2184e+05,734.91,-721.84
270.18,6.5875e+05,-7.1593e+05,658.75,-715.93
301.59,5.7962e+05,-6.8684e+05,579.62,-686.84
333.01,5.1361e+05,-6.5498e+05,513.61,-654.98
370.71,4.5606e+05,-6.2559e+05,456.06,-625.59
414.69,4.0673e+05,-5.9752e+05,406.73,-597.52
458.67,3.632e+05,-5.6666e+05,363.2,-566.66
515.22,3.2122e+05,-5.3279e+05,321.22,-532.79
571.77,2.8353e+05,-5.0075e+05,283.53,-500.75
634.6,2.4899e+05,-4.7052e+05,248.99,-470.52
710,2.1952e+05,-4.3684e+05,219.52,-436.84
791.68,1.9431e+05,-4.0615e+05,194.31,-406.15
879.65,1.7184e+05,-3.7724e+05,171.84,-377.24
980.18,1.5265e+05,-3.4965e+05,152.65,-349.65
1093.3,1.3549e+05,-3.2389e+05,135.49,-323.89
1218.9,1.2027e+05,-2.9976e+05,120.27,-299.76
1357.2,1.0654e+05,-2.771e+05,106.54,-277.1
1514.2,94369,-2.5627e+05,94.369,-256.27
1683.9,83426,-2.3662e+05,83.426,-236.62
1878.7,73756,-2.1842e+05,73.756,-218.42
2092.3,64878,-2.0125e+05,64.878,-201.25
2331.1,56896,-1.8494e+05,56.896,-184.94
2601.2,49767,-1.6991e+05,49.767,-169.91
2896.5,43439,-1.5588e+05,43.439,-155.88
3229.6,37813,-1.4273e+05,37.813,-142.73
3594,32867,-1.3049e+05,32.867,-130.49
4008.7,28598,-1.1909e+05,28.598,-119.09
4467.3,24894,-1.0861e+05,24.894,-108.61
4976.3,21665,-98979,21.665,-98.979
5541.8,18863,-90018,18.863,-90.018
6176.4,16467,-81890,16.467,-81.89
6886.4,14383,-74352,14.383,-74.352
7671.8,12599,-67488,12.599,-67.488
8545.1,11067,-61160,11.067,-61.16
9525.3,9758.5,-55401,9.7585,-55.401
10612,8648.9,-50233,8.6489,-50.233
11825,7682.3,-45525,7.6823,-45.525
13176,6848.8,-41242,6.8488,-41.242
14684,6134.5,-37415,6.1345,-37.415
16361,5503,-33905,5.503,-33.905
18228,4946.6,-30727,4.9466,-30.727
20314,4456.3,-27865,4.4563,-27.865
22632,4010.6,-25254,4.0106,-25.254
25221,3615.5,-22890,3.6155,-22.89
28098,3265.6,-20761,3.2656,-20.761
31309,2944.6,-18819,2.9446,-18.819
34891,2656.7,-17068,2.6567,-17.068
38874,2393.5,-15476,2.3935,-15.476
43316,2154.7,-14035,2.1547,-14.035
48267,1935.9,-12736,1.9359,-12.736
53784,1729.8,-11554,1.7298,-11.554
59929,1556.9,-10473,1.5569,-10.473
66778,1386.9,-9509.5,1.3869,-9.5095
74405,1224.6,-8636,1.2246,-8.636
82907,1075.7,-7844.2,1.0757,-7.8442
92382,940.83,-7121.5,0.94083,-7.1215
1.0294e+05,821.12,-6460.9,0.82112,-6.4609
1.147e+05,716.01,-5856.8,0.71601,-5.8568
1.2781e+05,624.76,-5304,0.62476,-5.304
1.4241e+05,547.93,-4797.6,0.54793,-4.7976
1.5868e+05,478.25,-4338.4,0.47825,-4.3384
1.7682e+05,416.71,-3921.8,0.41671,-3.9218
1.9702e+05,362.55,-3543.9,0.36255,-3.5439
2.1953e+05,314.99,-3200.9,0.31499,-3.2009
2.4462e+05,273.6,-2890.1,0.2736,-2.8901
2.7257e+05,237.78,-2608.2,0.23778,-2.6082
3.0372e+05,206.86,-2353,0.20686,-2.353
3.3842e+05,180.42,-2121.5,0.18042,-2.1215
3.7709e+05,157.88,-1911.8,0.15788,-1.9118
4.2018e+05,138.53,-1722.3,0.13853,-1.7223
4.682e+05,122.01,-1551.1,0.12201,-1.5511
5.2169e+05,107.86,-1396.4,0.10786,-1.3964
5.8131e+05,95.829,-1256.8,0.095829,-1.2568
6.4773e+05,85.909,-1131,0.085909,-1.131
7.2175e+05,77.285,-1017.2,0.077285,-1.0172
8.0422e+05,69.664,-914.4,0.069664,-0.9144
8.9612e+05,62.523,-821.74,0.062523,-0.82174
9.9852e+05,56.852,-738.53,0.056852,-0.73853
1.1126e+06,52.301,-663.53,0.052301,-0.66353
1.2397e+06,48.658,-596.03,0.048658,-0.59603
1.3814e+06,45.727,-535.24,0.045727,-0.53524
1.5393e+06,43.339,-480.42,0.043339,-0.48042
1.7152e+06,41.274,-430.91,0.041274,-0.43091
1.9111e+06,39.434,-386.24,0.039434,-0.38624
2.1295e+06,37.764,-345.95,0.037764,-0.34595
2.3729e+06,36.413,-309.64,0.036413,-0.30964
2.644e+06,35.264,-276.81,0.035264,-0.27681
2.9461e+06,34.285,-247.12,0.034285,-0.24712
3.2828e+06,33.459,-220.28,0.033459,-0.22028
3.6579e+06,32.766,-195.96,0.032766,-0.19596
4.0759e+06,32.179,-173.89,0.032179,-0.17389
4.5416e+06,32.372,-152.92,0.032372,-0.15292
5.0606e+06,32.187,-134.34,0.032187,-0.13434
5.6388e+06,31.59,-118.09,0.03159,-0.11809
6.2832e+06,30.643,-103.99,0.030643,-0.10399
125.66,1.3913e+06,-9.8987e+05,1391.3,-989.87
138.23,9.5734e+05,-4.3002e+05,957.34,-430.02
157.08,7.4416e+05,-2.8157e+05,744.16,-281.57
175.93,6.341e+05,-2.2825e+05,634.1,-228.25
194.78,5.7515e+05,-2.1178e+05,575.15,-211.78
213.63,5.947e+05,-2.6644e+05,594.7,-266.44
238.76,5.7401e+05,-2.8441e+05,574.01,-284.41
270.18,5.5385e+05,-3.0168e+05,553.85,-301.68
301.59,5.2449e+05,-3.1784e+05,524.49,-317.84
333.01,4.8855e+05,-3.2695e+05,488.55,-326.95
370.71,4.5391e+05,-3.344e+05,453.91,-334.4
414.69,4.1895e+05,-3.3822e+05,418.95,-338.22
458.67,3.8191e+05,-3.3811e+05,381.91,-338.11
515.22,3.4692e+05,-3.3554e+05,346.92,-335.54
571.77,3.1337e+05,-3.3028e+05,313.37,-330.28
634.6,2.8256e+05,-3.2332e+05,282.56,-323.32
710,2.5187e+05,-3.1141e+05,251.87,-311.41
791.68,2.2403e+05,-2.9896e+05,224.03,-298.96
879.65,1.9899e+05,-2.8503e+05,198.99,-285.03
980.18,1.7591e+05,-2.6976e+05,175.91,-269.76
1093.3,1.5552e+05,-2.5426e+05,155.52,-254.26
1218.9,1.3748e+05,-2.3874e+05,137.48,-238.74
1357.2,1.2137e+05,-2.2314e+05,121.37,-223.14
1514.2,1.0735e+05,-2.0839e+05,107.35,-208.39
1683.9,94998,-1.941e+05,94.998,-194.1
1878.7,84005,-1.805e+05,84.005,-180.5
2092.3,74323,-1.6759e+05,74.323,-167.59
2331.1,65666,-1.5532e+05,65.666,-155.32
2601.2,58025,-1.4387e+05,58.025,-143.87
2896.5,51211,-1.3322e+05,51.211,-133.22
3229.6,45128,-1.2313e+05,45.128,-123.13
3594,39667,-1.1371e+05,39.667,-113.71
4008.7,34844,-1.049e+05,34.844,-104.9
4467.3,30476,-96529,30.476,-96.529
4976.3,26641,-88661,26.641,-88.661
5541.8,23224,-81280,23.224,-81.28
6176.4,20198,-74413,20.198,-74.413
6886.4,17547,-68025,17.547,-68.025
7671.8,15238,-62137,15.238,-62.137
8545.1,13216,-56632,13.216,-56.632
9525.3,11485,-51542,11.485,-51.542
10612,9996.4,-46884,9.9964,-46.884
11825,8723.3,-42582,8.7233,-42.582
13176,7643.8,-38670,7.6438,-38.67
14684,6712.4,-35068,6.7124,-35.068
16361,5920.1,-31810,5.9201,-31.81
18228,5237,-28826,5.237,-28.826
20314,4650.6,-26143,4.6506,-26.143
22632,4142.7,-23637,4.1427,-23.637
25221,3702.6,-21385,3.7026,-21.385
28098,3319.7,-19357,3.3197,-19.357
31309,2985.2,-17549,2.9852,-17.549
34891,2691.2,-15916,2.6912,-15.916
38874,2428.9,-14449,2.4289,-14.449
43316,2195.9,-13117,2.1959,-13.117
48267,1986.7,-11913,1.9867,-11.913
53784,1804.8,-10792,1.8048,-10.792
59929,1628.4,-9797,1.6284,-9.797
66778,1461.8,-8907.4,1.4618,-8.9074
74405,1306.8,-8104.5,1.3068,-8.1045
82907,1165.5,-7375.3,1.1655,-7.3753
92382,1037.3,-6709.1,1.0373,-6.7091
1.0294e+05,922.88,-6098.5,0.92288,-6.0985
1.147e+05,821.11,-5537.4,0.82111,-5.5374
1.2781e+05,731.75,-5022.5,0.73175,-5.0225
1.4241e+05,648.91,-4555.7,0.64891,-4.5557
1.5868e+05,574.26,-4130.8,0.57426,-4.1308
1.7682e+05,506.65,-3744.5,0.50665,-3.7445
1.9702e+05,445.6,-3393.2,0.4456,-3.3932
2.1953e+05,390.96,-3073.5,0.39096,-3.0735
2.4462e+05,342.37,-2782.8,0.34237,-2.7828
2.7257e+05,299.46,-2518.3,0.29946,-2.5183
3.0372e+05,261.84,-2277.5,0.26184,-2.2775
3.3842e+05,229.05,-2058.4,0.22905,-2.0584
3.7709e+05,200.6,-1859.2,0.2006,-1.8592
4.2018e+05,175.82,-1678.5,0.17582,-1.6785
4.682e+05,154.36,-1514.6,0.15436,-1.5146
5.2169e+05,135.87,-1366.1,0.13587,-1.3661
5.8131e+05,119.96,-1231.7,0.11996,-1.2317
6.4773e+05,106.45,-1109.9,0.10645,-1.1099
7.2175e+05,94.825,-999.75,0.094825,-0.99975
8.0422e+05,84.77,-900.24,0.08477,-0.90024
8.9612e+05,76.14,-810.24,0.07614,-0.81024
9.9852e+05,68.761,-728.86,0.068761,-0.72886
1.1126e+06,62.505,-655.4,0.062505,-0.6554
1.2397e+06,57.241,-589.04,0.057241,-0.58904
1.3814e+06,52.817,-529.17,0.052817,-0.52917
1.5393e+06,49.135,-475.17,0.049135,-0.47517
1.7152e+06,46.575,-426.24,0.046575,-0.42624
1.9111e+06,43.094,-382.55,0.043094,-0.38255
2.1295e+06,40.507,-342.93,0.040507,-0.34293
2.3729e+06,38.58,-307.07,0.03858,-0.30707
2.644e+06,37.114,-274.61,0.037114,-0.27461
2.9461e+06,35.979,-245.24,0.035979,-0.24524
3.2828e+06,35.075,-218.62,0.035075,-0.21862
3.6579e+06,34.335,-194.47,0.034335,-0.19447
4.0759e+06,33.706,-172.52,0.033706,-0.17252
4.5416e+06,33.743,-151.72,0.033743,-0.15172
5.0606e+06,33.387,-133.3,0.033387,-0.1333
5.6388e+06,32.628,-117.19,0.032628,-0.11719
6.2832e+06,31.534,-103.23,0.031534,-0.10323
125.66,9.3596e+05,-3.4253e+05,935.96,-342.53
138.23,5.5684e+05,-1.2533e+05,556.84,-125.33
157.08,4.1814e+05,-78117,418.14,-78.117
175.93,3.5298e+05,-62426,352.98,-62.426
194.78,3.2082e+05,-58156,320.82,-58.156
213.63,3.4296e+05,-76274,342.96,-76.274
238.76,3.3969e+05,-84393,339.69,-84.393
270.18,3.333e+05,-92032,333.3,-92.032
301.59,3.2883e+05,-1.008e+05,328.83,-100.8
333.01,3.2218e+05,-1.104e+05,322.18,-110.4
370.71,3.1492e+05,-1.1986e+05,314.92,-119.86
414.69,3.0505e+05,-1.2862e+05,305.05,-128.62
458.67,2.9414e+05,-1.3676e+05,294.14,-136.76
515.22,2.8104e+05,-1.4443e+05,281.04,-144.43
571.77,2.6748e+05,-1.5222e+05,267.48,-152.22
634.6,2.5148e+05,-1.5779e+05,251.48,-157.79
710,2.3528e+05,-1.6266e+05,235.28,-162.66
791.68,2.1863e+05,-1.6603e+05,218.63,-166.03
879.65,2.0124e+05,-1.6758e+05,201.24,-167.58
980.18,1.8407e+05,-1.6757e+05,184.07,-167.57
1093.3,1.6711e+05,-1.6585e+05,167.11,-165.85
1218.9,1.5076e+05,-1.6261e+05,150.76,-162.61
1357.2,1.3511e+05,-1.5797e+05,135.11,-157.97
1514.2,1.2056e+05,-1.523e+05,120.56,-152.3
1683.9,1.0721e+05,-1.4578e+05,107.21,-145.78
1878.7,95149,-1.3876e+05,95.149,-138.76
2092.3,84297,-1.3137e+05,84.297,-131.37
2331.1,74614,-1.2389e+05,74.614,-123.89
2601.2,65996,-1.1694e+05,65.996,-116.94
2896.5,58480,-1.0865e+05,58.48,-108.65
3229.6,51819,-1.0108e+05,51.819,-101.08
3594,45826,-93978,45.826,-93.978
4008.7,40467,-87356,40.467,-87.356
4467.3,35679,-81236,35.679,-81.236
4976.3,31372,-75505,31.372,-75.505
5541.8,27484,-70100,27.484,-70.1
6176.4,24012,-64999,24.012,-64.999
6886.4,21061,-59813,21.061,-59.813
7671.8,18410,-55122,18.41,-55.122
8545.1,16055,-50697,16.055,-50.697
9525.3,13973,-46543,13.973,-46.543
10612,12145,-42655,12.145,-42.655
11825,10544,-39008,10.544,-39.008
13176,9152.8,-35611,9.1528,-35.611
14684,7958.4,-32487,7.9584,-32.487
16361,6915.9,-29581,6.9159,-29.581
18228,6029.7,-26927,6.0297,-26.927
20314,5259.4,-24465,5.2594,-24.465
22632,4602.6,-22203,4.6026,-22.203
25221,4046.2,-20154,4.0462,-20.154
28098,3567.4,-18272,3.5674,-18.272
31309,3158.6,-16569,3.1586,-16.569
34891,2811.5,-15023,2.8115,-15.023
38874,2508,-13616,2.508,-13.616
43316,2247.5,-12339,2.2475,-12.339
48267,2023.8,-11163,2.0238,-11.163
53784,1822,-10125,1.822,-10.125
59929,1637,-9202.9,1.637,-9.2029
66778,1470.6,-8369,1.4706,-8.369
74405,1322.2,-7614.6,1.3222,-7.6146
82907,1190.5,-6926.4,1.1905,-6.9264
92382,1072.7,-6297.8,1.0727,-6.2978
1.0294e+05,968.14,-5721.1,0.96814,-5.7211
1.147e+05,874.8,-5192,0.8748,-5.192
1.2781e+05,788.34,-4715.8,0.78834,-4.7158
1.4241e+05,708.56,-4283.8,0.70856,-4.2838
1.5868e+05,636.23,-3890.4,0.63623,-3.8904
1.7682e+05,569.4,-3533.6,0.5694,-3.5336
1.9702e+05,507.95,-3209.6,0.50795,-3.2096
2.1953e+05,451.84,-2914.9,0.45184,-2.9149
2.4462e+05,400.86,-2646.5,0.40086,-2.6465
2.7257e+05,354.86,-2401.7,0.35486,-2.4017
3.0372e+05,313.57,-2178.3,0.31357,-2.1783
3.3842e+05,276.95,-1974.3,0.27695,-1.9743
3.7709e+05,244.49,-1788.1,0.24449,-1.7881
4.2018e+05,215.61,-1618.7,0.21561,-1.6187
4.682e+05,190.09,-1464.5,0.19009,-1.4645
5.2169e+05,167.65,-1324.3,0.16765,-1.3243
5.8131e+05,148.02,-1196.7,0.14802,-1.1967
6.4773e+05,131.07,-1080.9,0.13107,-1.0809
7.2175e+05,116.25,-975.54,0.11625,-0.97554
8.0422e+05,103.32,-880.01,0.10332,-0.88001
8.9612e+05,92.12,-793.34,0.09212,-0.79334
9.9852e+05,82.509,-714.85,0.082509,-0.71485
1.1126e+06,74.296,-643.8,0.074296,-0.6438
1.2397e+06,67.312,-579.44,0.067312,-0.57944
1.3814e+06,61.412,-521.2,0.061412,-0.5212
1.5393e+06,56.47,-468.51,0.05647,-0.46851
1.7152e+06,52.267,-420.8,0.052267,-0.4208
1.9111e+06,48.703,-377.7,0.048703,-0.3777
2.1295e+06,45.683,-338.72,0.045683,-0.33872
2.3729e+06,43.144,-303.44,0.043144,-0.30344
2.644e+06,41.012,-271.5,0.041012,-0.2715
2.9461e+06,39.218,-242.59,0.039218,-0.24259
3.2828e+06,37.71,-216.39,0.03771,-0.21639
3.6579e+06,36.437,-192.62,0.036437,-0.19262
4.0759e+06,35.364,-171,0.035364,-0.171
4.5416e+06,35.153,-150.43,0.035153,-0.15043
5.0606e+06,34.637,-132.19,0.034637,-0.13219
5.6388e+06,33.767,-116.21,0.033767,-0.11621
6.2832e+06,32.59,-102.34,0.03259,-0.10234
125.66,5.4881e+05,-84321,548.81,-84.321
138.23,3.015e+05,-29838,301.5,-29.838
157.08,2.2255e+05,-19013,222.55,-19.013
175.93,1.8707e+05,-15562,187.07,-15.562
194.78,1.7027e+05,-14802,170.27,-14.802
213.63,1.8654e+05,-20292,186.54,-20.292
238.76,1.8325e+05,-22056,183.25,-22.056
270.18,1.8143e+05,-24202,181.43,-24.202
301.59,1.7932e+05,-26615,179.32,-26.615
333.01,1.8001e+05,-30216,180.01,-30.216
370.71,1.757e+05,-32463,175.7,-32.463
414.69,1.7263e+05,-35430,172.63,-35.43
458.67,1.7144e+05,-39631,171.44,-39.631
515.22,1.7125e+05,-44852,171.25,-44.852
571.77,1.6778e+05,-48795,167.78,-48.795
634.6,1.6582e+05,-54032,165.82,-54.032
710,1.6309e+05,-59861,163.09,-59.861
791.68,1.6027e+05,-66497,160.27,-66.497
879.65,1.5326e+05,-69715,153.26,-69.715
980.18,1.4687e+05,-74000,146.87,-74
1093.3,1.3971e+05,-77843,139.71,-77.843
1218.9,1.3207e+05,-81087,132.07,-81.087
1357.2,1.2374e+05,-83667,123.74,-83.667
1514.2,1.1515e+05,-85501,115.15,-85.501
1683.9,1.0634e+05,-86529,106.34,-86.529
1878.7,97422,-86650,97.422,-86.65
2092.3,88636,-85923,88.636,-85.923
2331.1,80129,-84446,80.129,-84.446
2601.2,72047,-82253,72.047,-82.253
2896.5,64467,-79470,64.467,-79.47
3229.6,57468,-76239,57.468,-76.239
3594,51073,-72693,51.073,-72.693
4008.7,45301,-68953,45.301,-68.953
4467.3,40111,-65098,40.111,-65.098
4976.3,35500,-61273,35.5,-61.273
5541.8,31360,-57448,31.36,-57.448
6176.4,27675,-53712,27.675,-53.712
6886.4,24408,-50110,24.408,-50.11
7671.8,21503,-46658,21.503,-46.658
8545.1,18903,-43331,18.903,-43.331
9525.3,16585,-40155,16.585,-40.155
10612,14516,-37143,14.516,-37.143
11825,12694,-34316,12.694,-34.316
13176,11065,-31612,11.065,-31.612
14684,9635.6,-29088,9.6356,-29.088
16361,8383.8,-26729,8.3838,-26.729
18228,7289.9,-24531,7.2899,-24.531
20314,6327.4,-22447,6.3274,-22.447
22632,5489.8,-20490,5.4898,-20.49
25221,4770.1,-18685,4.7701,-18.685
28098,4146.7,-17005,4.1467,-17.005
31309,3612.5,-15449,3.6125,-15.449
34891,3158.9,-14044,3.1589,-14.044
38874,2770.9,-12750,2.7709,-12.75
43316,2438.3,-11576,2.4383,-11.576
48267,2158,-10484,2.158,-10.484
53784,1914,-9515.2,1.914,-9.5152
59929,1701.3,-8647.8,1.7013,-8.6478
66778,1515.2,-7859.7,1.5152,-7.8597
74405,1354,-7144,1.354,-7.144
82907,1214,-6494.8,1.214,-6.4948
92382,1091.9,-5899.2,1.0919,-5.8992
1.0294e+05,984.82,-5355.1,0.98482,-5.3551
1.147e+05,891.37,-4857.5,0.89137,-4.8575
1.2781e+05,806.85,-4410.8,0.80685,-4.4108
1.4241e+05,730.59,-4006.2,0.73059,-4.0062
1.5868e+05,661.99,-3638.6,0.66199,-3.6386
1.7682e+05,599.02,-3306.7,0.59902,-3.3067
1.9702e+05,541,-3006.7,0.541,-3.0067
2.1953e+05,487.61,-2734,0.48761,-2.734
2.4462e+05,438.54,-2486.1,0.43854,-2.4861
2.7257e+05,393.66,-2260.6,0.39366,-2.2606
3.0372e+05,352.78,-2055,0.35278,-2.055
3.3842e+05,315.64,-1867.1,0.31564,-1.8671
3.7709e+05,282.09,-1695.5,0.28209,-1.6955
4.2018e+05,251.65,-1539.3,0.25165,-1.5393
4.682e+05,224.14,-1396.7,0.22414,-1.3967
5.2169e+05,199.4,-1266.6,0.1994,-1.2666
5.8131e+05,177.26,-1147.9,0.17726,-1.1479
6.4773e+05,157.7,-1039.8,0.1577,-1.0398
7.2175e+05,140.28,-941.06,0.14028,-0.94106
8.0422e+05,124.82,-851.14,0.12482,-0.85114
8.9612e+05,111.23,-769.31,0.11123,-0.76931
9.9852e+05,99.341,-694.9,0.099341,-0.6949
1.1126e+06,89.025,-627.24,0.089025,-0.62724
1.2397e+06,80.14,-565.67,0.08014,-0.56567
1.3814e+06,72.537,-509.78,0.072537,-0.50978
1.5393e+06,66.04,-459,0.06604,-0.459
1.7152e+06,60.485,-412.88,0.060485,-0.41288
1.9111e+06,55.739,-371.05,0.055739,-0.37105
2.1295e+06,51.721,-333.17,0.051721,-0.33317
2.3729e+06,48.309,-298.82,0.048309,-0.29882
2.644e+06,45.42,-267.63,0.04542,-0.26763
2.9461e+06,42.984,-239.32,0.042984,-0.23932
3.2828e+06,40.935,-213.63,0.040935,-0.21363
3.6579e+06,39.211,-190.28,0.039211,-0.19028
4.0759e+06,37.757,-169.02,0.037757,-0.16902
4.5416e+06,37.22,-148.76,0.03722,-0.14876
5.0606e+06,36.439,-130.77,0.036439,-0.13077
5.6388e+06,35.352,-115,0.035352,-0.115
6.2832e+06,33.998,-101.3,0.033998,-0.1013
125.66,7.5912e+05,-1.5073e+05,759.12,-150.73
138.23,2.6678e+05,-19656,266.78,-19.656
157.08,1.7267e+05,-9206.8,172.67,-9.2068
175.93,1.347e+05,-6388.5,134.7,-6.3885
194.78,1.1568e+05,-5430.2,115.68,-5.4302
213.63,1.1117e+05,-5838,111.17,-5.838
238.76,1.0571e+05,-6042,105.71,-6.042
270.18,1.0206e+05,-6488.2,102.06,-6.4882
301.59,1.0102e+05,-7346.4,101.02,-7.3464
333.01,1.0219e+05,-8586.8,102.19,-8.5868
370.71,1.0238e+05,-9835.1,102.38,-9.8351
414.69,1.021e+05,-11165,102.1,-11.165
458.67,1.0164e+05,-12586,101.64,-12.586
515.22,1.0135e+05,-14234,101.35,-14.234
571.77,1.0121e+05,-16069,101.21,-16.069
634.6,1.007e+05,-17975,100.7,-17.975
710,99699,-19991,99.699,-19.991
791.68,98682,-22149,98.682,-22.149
879.65,97411,-24438,97.411,-24.438
980.18,95850,-26826,95.85,-26.826
1093.3,94004,-29321,94.004,-29.321
1218.9,91827,-31878,91.827,-31.878
1357.2,89304,-34483,89.304,-34.483
1514.2,86416,-37039,86.416,-37.039
1683.9,83105,-39455,83.105,-39.455
1878.7,79430,-41699,79.43,-41.699
2092.3,75329,-43645,75.329,-43.645
2331.1,70960,-45269,70.96,-45.269
2601.2,66324,-46487,66.324,-46.487
2896.5,61253,-47091,61.253,-47.091
3229.6,56224,-47294,56.224,-47.294
3594,51327,-47086,51.327,-47.086
4008.7,46635,-46518,46.635,-46.518
4467.3,42171,-45615,42.171,-45.615
4976.3,37955,-44390,37.955,-44.39
5541.8,34000,-42876,34,-42.876
6176.4,30346,-41126,30.346,-41.126
6886.4,26937,-39097,26.937,-39.097
7671.8,23870,-37012,23.87,-37.012
8545.1,21120,-34901,21.12,-34.901
9525.3,18686,-32823,18.686,-32.823
10612,16499,-30769,16.499,-30.769
11825,14557,-28771,14.557,-28.771
13176,12822,-26831,12.822,-26.831
14684,11271,-24967,11.271,-24.967
16361,9887.9,-23180,9.8879,-23.18
18228,8647.6,-21449,8.6476,-21.449
20314,7549.6,-19812,7.5496,-19.812
22632,6577.2,-18265,6.5772,-18.265
25221,5716.6,-16793,5.7166,-16.793
28098,4965.1,-15408,4.9651,-15.408
31309,4308.1,-14111,4.3081,-14.111
34891,3739,-12901,3.739,-12.901
38874,3251.6,-11789,3.2516,-11.789
43316,2828.1,-10732,2.8281,-10.732
48267,2464.6,-9781.3,2.4646,-9.7813
53784,2152.5,-8914.5,2.1525,-8.9145
59929,1885.4,-8119.9,1.8854,-8.1199
66778,1656.2,-7389.9,1.6562,-7.3899
74405,1460,-6719.8,1.46,-6.7198
82907,1292.1,-6105.6,1.2921,-6.1056
92382,1148.4,-5542.7,1.1484,-5.5427
1.0294e+05,1024.6,-5025.1,1.0246,-5.0251
1.147e+05,917.17,-4558.8,0.91717,-4.5588
1.2781e+05,824.1,-4136.5,0.8241,-4.1365
1.4241e+05,742.84,-3753.9,0.74284,-3.7539
1.5868e+05,671.58,-3405.7,0.67158,-3.4057
1.7682e+05,608.15,-3093,0.60815,-3.093
1.9702e+05,551.02,-2810.7,0.55102,-2.8107
2.1953e+05,499.49,-2555.6,0.49949,-2.5556
2.4462e+05,452.94,-2324.5,0.45294,-2.3245
2.7257e+05,410.59,-2114.6,0.41059,-2.1146
3.0372e+05,372.06,-1923.7,0.37206,-1.9237
3.3842e+05,336.94,-1749.6,0.33694,-1.7496
3.7709e+05,304.89,-1590.8,0.30489,-1.5908
4.2018e+05,275.42,-1446.7,0.27542,-1.4467
4.682e+05,248.41,-1315.4,0.24841,-1.3154
5.2169e+05,223.65,-1195.8,0.22365,-1.1958
5.8131e+05,201.25,-1086.6,0.20125,-1.0866
6.4773e+05,180.66,-986.98,0.18066,-0.98698
7.2175e+05,162.05,-896.01,0.16205,-0.89601
8.0422e+05,145.21,-812.82,0.14521,-0.81282
8.9612e+05,130.09,-736.81,0.13009,-0.73681
9.9852e+05,116.63,-667.47,0.11663,-0.66747
1.1126e+06,104.74,-604.12,0.10474,-0.60412
1.2397e+06,94.292,-546.36,0.094292,-0.54636
1.3814e+06,85.177,-493.68,0.085177,-0.49368
1.5393e+06,77.196,-445.58,0.077196,-0.44558
1.7152e+06,70.306,-401.78,0.070306,-0.40178
1.9111e+06,64.343,-361.92,0.064343,-0.36192
2.1295e+06,59.199,-325.57,0.059199,-0.32557
2.3729e+06,54.8,-292.49,0.0548,-0.29249
2.644e+06,51.032,-262.36,0.051032,-0.26236
2.9461e+06,47.832,-234.96,0.047832,-0.23496
3.2828e+06,45.117,-210,0.045117,-0.21
3.6579e+06,42.818,-187.24,0.042818,-0.18724
4.0759e+06,40.872,-166.47,0.040872,-0.16647
4.5416e+06,39.913,-146.64,0.039913,-0.14664
5.0606e+06,38.789,-129,0.038789,-0.129
5.6388e+06,37.422,-113.51,0.037422,-0.11351
6.2832e+06,35.837,-100.02,0.035837,-0.10002
125.66,3.8849e+06,-5.7233e+05,3884.9,-572.33
138.23,6.1821e+05,-36345,618.21,-36.345
157.08,3.3412e+05,-17386,334.12,-17.386
175.93,2.2824e+05,-11424,228.24,-11.424
194.78,1.7293e+05,-8545.2,172.93,-8.5452
213.63,1.4222e+05,-7111,142.22,-7.111
238.76,1.1797e+05,-5898.6,117.97,-5.8986
270.18,97794,-4775.6,97.794,-4.7756
301.59,81581,-3980.5,81.581,-3.9805
333.01,71331,-3554.4,71.331,-3.5544
370.71,65029,-3436.6,65.029,-3.4366
414.69,61403,-3561.1,61.403,-3.5611
458.67,59770,-3903.8,59.77,-3.9038
515.22,60091,-4514.3,60.091,-4.5143
571.77,60885,-5300.7,60.885,-5.3007
634.6,60922,-6058.3,60.922,-6.0583
710,60785,-6879.8,60.785,-6.8798
791.68,60609,-7747.5,60.609,-7.7475
879.65,60334,-8704.7,60.334,-8.7047
980.18,60024,-9746.8,60.024,-9.7468
1093.3,59598,-10875,59.598,-10.875
1218.9,59088,-12082,59.088,-12.082
1357.2,58446,-13382,58.446,-13.382
1514.2,57682,-14766,57.682,-14.766
1683.9,56782,-16218,56.782,-16.218
1878.7,55625,-17711,55.625,-17.711
2092.3,54175,-19195,54.175,-19.195
2331.1,52480,-20662,52.48,-20.662
2601.2,50527,-22066,50.527,-22.066
2896.5,48224,-23337,48.224,-23.337
3229.6,45904,-24539,45.904,-24.539
3594,43529,-25653,43.529,-25.653
4008.7,41078,-26641,41.078,-26.641
4467.3,38485,-27399,38.485,-27.399
4976.3,35785,-27914,35.785,-27.914
5541.8,32977,-28128,32.977,-28.128
6176.4,30134,-28012,30.134,-28.012
6886.4,27299,-27546,27.299,-27.546
7671.8,24618,-26905,24.618,-26.905
8545.1,22111,-26081,22.111,-26.081
9525.3,19782,-25100,19.782,-25.1
10612,17656,-24028,17.656,-24.028
11825,15703,-22868,15.703,-22.868
13176,13934,-21647,13.934,-21.647
14684,12350,-20422,12.35,-20.422
16361,10921,-19188,10.921,-19.188
18228,9645,-17977,9.645,-17.977
20314,8508.1,-16801,8.5081,-16.801
22632,7488.5,-15656,7.4885,-15.656
25221,6574.6,-14558,6.5746,-14.558
28098,5762.6,-13507,5.7626,-13.507
31309,5038.1,-12491,5.0381,-12.491
34891,4399.8,-11534,4.3998,-11.534
38874,3834.5,-10625,3.8345,-10.625
43316,3330.6,-9761.6,3.3306,-9.7616
48267,2899.4,-8961.5,2.8994,-8.9615
53784,2528.1,-8215.8,2.5281,-8.2158
59929,2207.1,-7520.4,2.2071,-7.5204
66778,1928.7,-6873.9,1.9287,-6.8739
74405,1686,-6270.4,1.686,-6.2704
82907,1475.2,-5713,1.4752,-5.713
92382,1291.3,-5196.9,1.2913,-5.1969
1.0294e+05,1131.7,-4720.9,1.1317,-4.7209
1.147e+05,996.39,-4288.6,0.99639,-4.2886
1.2781e+05,881.25,-3893.8,0.88125,-3.8938
1.4241e+05,782.93,-3533.9,0.78293,-3.5339
1.5868e+05,698.9,-3205.1,0.6989,-3.2051
1.7682e+05,626.35,-2909.1,0.62635,-2.9091
1.9702e+05,563.16,-2641.7,0.56316,-2.6417
2.1953e+05,507.9,-2399.8,0.5079,-2.3998
2.4462e+05,459.46,-2181.1,0.45946,-2.1811
2.7257e+05,416.54,-1982.7,0.41654,-1.9827
3.0372e+05,378.35,-1802.5,0.37835,-1.8025
3.3842e+05,344.14,-1638.8,0.34414,-1.6388
3.7709e+05,313.4,-1489.9,0.3134,-1.4899
4.2018e+05,285.41,-1355.1,0.28541,-1.3551
4.682e+05,259.87,-1232.8,0.25987,-1.2328
5.2169e+05,236.51,-1121.7,0.23651,-1.1217
5.8131e+05,215.21,-1020.6,0.21521,-1.0206
6.4773e+05,195.42,-928.6,0.19542,-0.9286
7.2175e+05,177.23,-844.55,0.17723,-0.84455
8.0422e+05,160.49,-767.79,0.16049,-0.76779
8.9612e+05,145.2,-697.77,0.1452,-0.69777
9.9852e+05,131.3,-633.76,0.1313,-0.63376
1.1126e+06,118.97,-575.84,0.11897,-0.57584
1.2397e+06,107.34,-521.44,0.10734,-0.52144
1.3814e+06,97.117,-472.03,0.097117,-0.47203
1.5393e+06,88.105,-427.21,0.088105,-0.42721
1.7152e+06,80.205,-386.31,0.080205,-0.38631
1.9111e+06,73.302,-349.01,0.073302,-0.34901
2.1295e+06,67.292,-315,0.067292,-0.315
2.3729e+06,62.061,-283.9,0.062061,-0.2839
2.644e+06,57.524,-255.44,0.057524,-0.25544
2.9461e+06,53.484,-229.12,0.053484,-0.22912
3.2828e+06,50.059,-205.15,0.050059,-0.20515
3.6579e+06,47.133,-183.22,0.047133,-0.18322
4.0759e+06,44.646,-163.13,0.044646,-0.16313
4.5416e+06,43.188,-143.89,0.043188,-0.14389
5.0606e+06,41.65,-126.72,0.04165,-0.12672
5.6388e+06,39.943,-111.61,0.039943,-0.11161
6.2832e+06,38.077,-98.428,0.038077,-0.098428
125.66,4.3712e+06,-6.4397e+05,4371.2,-643.97
138.23,1.7741e+06,-1.2855e+05,1774.1,-128.55
157.08,8.8714e+05,-48618,887.14,-48.618
175.93,5.2136e+05,-26122,521.36,-26.122
194.78,3.406e+05,-16681,340.6,-16.681
213.63,2.3893e+05,-11947,238.93,-11.947
238.76,1.7346e+05,-8672.9,173.46,-8.6729
270.18,1.389e+05,-6945,138.9,-6.945
301.59,1.0995e+05,-5497.3,109.95,-5.4973
333.01,89730,-4486.5,89.73,-4.4865
370.71,74056,-3702.8,74.056,-3.7028
414.69,60564,-2963.1,60.564,-2.9631
458.67,50789,-2470.1,50.789,-2.4701
515.22,44462,-2216.8,44.462,-2.2168
571.77,40799,-2161.2,40.799,-2.1612
634.6,38890,-2259.6,38.89,-2.2596
710,38085,-2489.4,38.085,-2.4894
791.68,38211,-2870.7,38.211,-2.8707
879.65,38656,-3359.6,38.656,-3.3596
980.18,38607,-3818.1,38.607,-3.8181
1093.3,38525,-4322.9,38.525,-4.3229
1218.9,38413,-4874.9,38.413,-4.8749
1357.2,38251,-5479.6,38.251,-5.4796
1514.2,38056,-6135.9,38.056,-6.1359
1683.9,37799,-6836.1,37.799,-6.8361
1878.7,37459,-7593.1,37.459,-7.5931
2092.3,37065,-8408.5,37.065,-8.4085
2331.1,36600,-9280.2,36.6,-9.2802
2601.2,36047,-10202,36.047,-10.202
2896.5,35374,-11147,35.374,-11.147
3229.6,34536,-12111,34.536,-12.111
3594,33528,-13057,33.528,-13.057
4008.7,32371,-13970,32.371,-13.97
4467.3,31066,-14829,31.066,-14.829
4976.3,29621,-15616,29.621,-15.616
5541.8,28073,-16315,28.073,-16.315
6176.4,26421,-16892,26.421,-16.892
6886.4,24672,-17317,24.672,-17.317
7671.8,22874,-17585,22.874,-17.585
8545.1,21048,-17665,21.048,-17.665
9525.3,19245,-17583,19.245,-17.583
10612,17492,-17348,17.492,-17.348
11825,15801,-16959,15.801,-16.959
13176,14223,-16461,14.223,-16.461
14684,12743,-15856,12.743,-15.856
16361,11379,-15176,11.379,-15.176
18228,10146,-14459,10.146,-14.459
20314,9020.9,-13699,9.0209,-13.699
22632,8006,-12923,8.006,-12.923
25221,7096.9,-12157,7.0969,-12.157
28098,6276.5,-11391,6.2765,-11.391
31309,5547.3,-10651,5.5473,-10.651
34891,4893.1,-9932.7,4.8931,-9.9327
38874,4278.3,-9248.9,4.2783,-9.2489
43316,3772.4,-8588.3,3.7724,-8.5883
48267,3345.5,-7949.3,3.3455,-7.9493
53784,2973.2,-7341.8,2.9732,-7.3418
59929,2637.6,-6769.6,2.6376,-6.7696
66778,2328.1,-6228.3,2.3281,-6.2283
74405,2041.6,-5722,2.0416,-5.722
82907,1775.6,-5246.8,1.7756,-5.2468
92382,1530.3,-4801.8,1.5303,-4.8018
1.0294e+05,1325.3,-4387.8,1.3253,-4.3878
1.147e+05,1150.9,-4002.9,1.1509,-4.0029
1.2781e+05,1002.5,-3647.1,1.0025,-3.6471
1.4241e+05,876.43,-3318.9,0.87643,-3.3189
1.5868e+05,769.35,-3016,0.76935,-3.016
1.7682e+05,678.43,-2740.7,0.67843,-2.7407
1.9702e+05,600.86,-2490.3,0.60086,-2.4903
2.1953e+05,534.61,-2262.9,0.53461,-2.2629
2.4462e+05,477.85,-2056.2,0.47785,-2.0562
2.7257e+05,429.02,-1868.3,0.42902,-1.8683
3.0372e+05,386.7,-1697.4,0.3867,-1.6974
3.3842e+05,349.89,-1541.9,0.34989,-1.5419
3.7709e+05,317.65,-1400.4,0.31765,-1.4004
4.2018e+05,289.19,-1272.4,0.28919,-1.2724
4.682e+05,263.8,-1156.6,0.2638,-1.1566
5.2169e+05,241.17,-1051.7,0.24117,-1.0517
5.8131e+05,220.53,-956.64,0.22053,-0.95664
6.4773e+05,201.62,-870.28,0.20162,-0.87028
7.2175e+05,184.38,-791.77,0.18438,-0.79177
8.0422e+05,168.55,-720.42,0.16855,-0.72042
8.9612e+05,154.05,-655.54,0.15405,-0.65554
9.9852e+05,140.74,-596.36,0.14074,-0.59636
1.1126e+06,128.56,-542.39,0.12856,-0.54239
1.2397e+06,117.46,-493.12,0.11746,-0.49312
1.3814e+06,107.27,-447.96,0.10727,-0.44796
1.5393e+06,98.026,-406.64,0.098026,-0.40664
1.7152e+06,89.68,-368.75,0.08968,-0.36875
1.9111e+06,82.169,-333.97,0.082169,-0.33397
2.1295e+06,75.463,-302.12,0.075463,-0.30212
2.3729e+06,69.484,-272.83,0.069484,-0.27283
2.644e+06,64.211,-245.99,0.064211,-0.24599
2.9461e+06,59.57,-221.33,0.05957,-0.22133
3.2828e+06,55.513,-198.65,0.055513,-0.19865
3.6579e+06,51.997,-177.83,0.051997,-0.17783
4.0759e+06,48.967,-158.67,0.048967,-0.15867
4.5416e+06,46.986,-140.22,0.046986,-0.14022
5.0606e+06,45.004,-123.7,0.045004,-0.1237
5.6388e+06,42.926,-109.11,0.042926,-0.10911
6.2832e+06,40.749,-96.348,0.040749,-0.096348
125.66,9.4795e+05,-1.3965e+05,947.95,-139.65
138.23,1.3375e+06,-1.725e+05,1337.5,-172.5
157.08,1.3403e+06,-1.1204e+05,1340.3,-112.04
175.93,9.508e+05,-48376,950.8,-48.376
194.78,6.0148e+05,-25063,601.48,-25.063
213.63,4.5121e+05,-22560,451.21,-22.56
238.76,2.7062e+05,-13531,270.62,-13.531
270.18,1.8525e+05,-9262.3,185.25,-9.2623
301.59,1.3557e+05,-6778.4,135.57,-6.7784
333.01,1.0598e+05,-5298.9,105.98,-5.2989
370.71,83873,-4193.7,83.873,-4.1937
414.69,68234,-3411.7,68.234,-3.4117
458.67,56592,-2829.6,56.592,-2.8296
515.22,47568,-2378.4,47.568,-2.3784
571.77,39371,-1929.5,39.371,-1.9295
634.6,33741,-1645.2,33.741,-1.6452
710,29811,-1486.2,29.811,-1.4862
791.68,27393,-1445,27.393,-1.445
879.65,26041,-1500,26.041,-1.5
980.18,25553,-1650.8,25.553,-1.6508
1093.3,25630,-1892.8,25.63,-1.8928
1218.9,25913,-2199.4,25.913,-2.1994
1357.2,25889,-2486.9,25.889,-2.4869
1514.2,25827,-2799.5,25.827,-2.7995
1683.9,25792,-3141.5,25.792,-3.1415
1878.7,25646,-3513.3,25.646,-3.5133
2092.3,25446,-3917.6,25.446,-3.9176
2331.1,25189,-4349.5,25.189,-4.3495
2601.2,24891,-4806.1,24.891,-4.8061
2896.5,24570,-5298.9,24.57,-5.2989
3229.6,24259,-5832.1,24.259,-5.8321
3594,23932,-6407.7,23.932,-6.4077
4008.7,23611,-7034.7,23.611,-7.0347
4467.3,23146,-7660,23.146,-7.66
4976.3,22589,-8297.2,22.589,-8.2972
5541.8,21925,-8927.2,21.925,-8.9272
6176.4,21151,-9526.5,21.151,-9.5265
6886.4,20258,-10082,20.258,-10.082
7671.8,19291,-10587,19.291,-10.587
8545.1,18222,-11008,18.222,-11.008
9525.3,17102,-11342,17.102,-11.342
10612,15934,-11571,15.934,-11.571
11825,14780,-11809,14.78,-11.809
13176,13510,-11614,13.51,-11.614
14684,12312,-11397,12.312,-11.397
16361,11172,-11143,11.172,-11.143
18228,10106,-10865,10.106,-10.865
20314,9097.4,-10542,9.0974,-10.542
22632,8158.4,-10191,8.1584,-10.191
25221,7287,-9810.7,7.287,-9.8107
28098,6485.4,-9408.6,6.4854,-9.4086
31309,5782.7,-8853.8,5.7827,-8.8538
34891,5065.7,-8385.6,5.0657,-8.3856
38874,4530.1,-7846.2,4.5301,-7.8462
43316,4121.7,-7286.2,4.1217,-7.2862
48267,3778.6,-6741.1,3.7786,-6.7411
53784,3459.8,-6234,3.4598,-6.234
59929,3142.8,-5775.1,3.1428,-5.7751
66778,2816.8,-5364.3,2.8168,-5.3643
74405,2478.2,-4990.9,2.4782,-4.9909
82907,2131.4,-4646.8,2.1314,-4.6468
92382,1843.1,-4305.5,1.8431,-4.3055
1.0294e+05,1593,-3974.8,1.593,-3.9748
1.147e+05,1376.5,-3658.8,1.3765,-3.6588
1.2781e+05,1189.9,-3358.7,1.1899,-3.3587
1.4241e+05,1029.6,-3076,1.0296,-3.076
1.5868e+05,892.36,-2810,0.89236,-2.81
1.7682e+05,776.16,-2564.5,0.77616,-2.5645
1.9702e+05,677.6,-2338.4,0.6776,-2.3384
2.1953e+05,593.89,-2130.6,0.59389,-2.1306
2.4462e+05,522.7,-1939.5,0.5227,-1.9395
2.7257e+05,462.15,-1764.2,0.46215,-1.7642
3.0372e+05,410.45,-1603.5,0.41045,-1.6035
3.3842e+05,366.34,-1456.5,0.36634,-1.4565
3.7709e+05,328.58,-1322.1,0.32858,-1.3221
4.2018e+05,296.26,-1200.6,0.29626,-1.2006
4.682e+05,268.43,-1090.4,0.26843,-1.0904
5.2169e+05,244,-990.56,0.244,-0.99056
5.8131e+05,222.49,-900,0.22249,-0.9
6.4773e+05,203.32,-817.91,0.20332,-0.81791
7.2175e+05,186.3,-743.51,0.1863,-0.74351
8.0422e+05,171.02,-676.08,0.17102,-0.67608
8.9612e+05,157.18,-614.93,0.15718,-0.61493
9.9852e+05,144.63,-559.41,0.14463,-0.55941
1.1126e+06,133.19,-508.99,0.13319,-0.50899
1.2397e+06,122.65,-463.02,0.12265,-0.46302
1.3814e+06,113,-421.13,0.113,-0.42113
1.5393e+06,104.13,-382.89,0.10413,-0.38289
1.7152e+06,96.009,-347.9,0.096009,-0.3479
1.9111e+06,88.582,-315.83,0.088582,-0.31583
2.1295e+06,81.802,-286.42,0.081802,-0.28642
2.3729e+06,75.642,-259.35,0.075642,-0.25935
2.644e+06,70.073,-234.47,0.070073,-0.23447
2.9461e+06,65.085,-211.55,0.065085,-0.21155
3.2828e+06,60.643,-190.41,0.060643,-0.19041
3.6579e+06,56.703,-170.9,0.056703,-0.1709
4.0759e+06,53.233,-152.87,0.053233,-0.15287
4.5416e+06,50.775,-135.42,0.050775,-0.13542
5.0606e+06,48.371,-119.72,0.048371,-0.11972
5.6388e+06,45.932,-105.8,0.045932,-0.1058
6.2832e+06,43.449,-93.57,0.043449,-0.09357
125.66,7.9684e+05,-1.1739e+05,796.84,-117.39
138.23,1.4141e+06,-2.1198e+05,1414.1,-211.98
157.08,1.7295e+06,-1.7597e+05,1729.5,-175.97
175.93,1.146e+06,-58747,1146,-58.747
194.78,6.2967e+05,-24951,629.67,-24.951
213.63,4.093e+05,-20465,409.3,-20.465
238.76,2.3259e+05,-11629,232.59,-11.629
270.18,1.5847e+05,-7923.6,158.47,-7.9236
301.59,1.1606e+05,-5802.8,116.06,-5.8028
333.01,92082,-4604.1,92.082,-4.6041
370.71,74849,-3742.5,74.849,-3.7425
414.69,61765,-3088.2,61.765,-3.0882
458.67,51653,-2582.6,51.653,-2.5826
515.22,43810,-2190.5,43.81,-2.1905
571.77,37533,-1876.7,37.533,-1.8767
634.6,32346,-1617.3,32.346,-1.6173
710,27628,-1361.4,27.628,-1.3614
791.68,23958,-1172.1,23.958,-1.1721
879.65,21313,-1060.1,21.313,-1.0601
980.18,19584,-1019.7,19.584,-1.0197
1093.3,18560,-1041.3,18.56,-1.0413
1218.9,18107,-1121.3,18.107,-1.1213
1357.2,18039,-1257.2,18.039,-1.2572
1514.2,18156,-1436.9,18.156,-1.4369
1683.9,18202,-1620.7,18.202,-1.6207
1878.7,18133,-1812.4,18.133,-1.8124
2092.3,18030,-2021.2,18.03,-2.0212
2331.1,17903,-2248,17.903,-2.248
2601.2,17768,-2494.3,17.768,-2.4943
2896.5,17627,-2762.8,17.627,-2.7628
3229.6,17493,-3056,17.493,-3.056
3594,17367,-3379.8,17.367,-3.3798
4008.7,17262,-3740.6,17.262,-3.7406
4467.3,17094,-4120.5,17.094,-4.1205
4976.3,16863,-4517.1,16.863,-4.5171
5541.8,16575,-4932,16.575,-4.932
6176.4,16221,-5353,16.221,-5.353
6886.4,15915,-5871.7,15.915,-5.8717
7671.8,15233,-6121,15.233,-6.121
8545.1,14581,-6400.2,14.581,-6.4002
9525.3,13940,-6706.7,13.94,-6.7067
10612,13290,-7027,13.29,-7.027
11825,12612,-7341.9,12.612,-7.3419
13176,11903,-7649.2,11.903,-7.6492
14684,11166,-7934.1,11.166,-7.9341
16361,10390,-8177.9,10.39,-8.1779
18228,9536.1,-8095.6,9.5361,-8.0956
20314,8720.1,-8034,8.7201,-8.034
22632,7922.4,-7899.1,7.9224,-7.8991
25221,7165.6,-7705.3,7.1656,-7.7053
28098,6331.6,-7652.5,6.3316,-7.6525
31309,5735.4,-7243.9,5.7354,-7.2439
34891,5322.8,-6642.9,5.3228,-6.6429
38874,4992.2,-5999,4.9922,-5.999
43316,4677.3,-5412.8,4.6773,-5.4128
48267,4348.6,-4937.4,4.3486,-4.9374
53784,3995.6,-4591.2,3.9956,-4.5912
59929,3610.8,-4370,3.6108,-4.37
66778,3177.7,-4250.6,3.1777,-4.2506
74405,2805.5,-4067.9,2.8055,-4.0679
82907,2466,-3864.5,2.466,-3.8645
92382,2158.5,-3649.8,2.1585,-3.6498
1.0294e+05,1882.3,-3428.8,1.8823,-3.4288
1.147e+05,1636.3,-3205.5,1.6363,-3.2055
1.2781e+05,1418.8,-2983.6,1.4188,-2.9836
1.4241e+05,1228,-2765.7,1.228,-2.7657
1.5868e+05,1060.6,-2552.9,1.0606,-2.5529
1.7682e+05,917.8,-2350.8,0.9178,-2.3508
1.9702e+05,795.7,-2160,0.7957,-2.16
2.1953e+05,691.17,-1980.7,0.69117,-1.9807
2.4462e+05,601.6,-1812.5,0.6016,-1.8125
2.7257e+05,525.02,-1655.6,0.52502,-1.6556
3.0372e+05,459.7,-1509.9,0.4597,-1.5099
3.3842e+05,403.93,-1374.7,0.40393,-1.3747
3.7709e+05,356.4,-1249.8,0.3564,-1.2498
4.2018e+05,316.46,-1136,0.31646,-1.136
4.682e+05,282.57,-1031.8,0.28257,-1.0318
5.2169e+05,253.71,-937.11,0.25371,-0.93711
5.8131e+05,228.99,-850.93,0.22899,-0.85093
6.4773e+05,207.63,-772.8,0.20763,-0.7728
7.2175e+05,189.2,-701.86,0.1892,-0.70186
8.0422e+05,173.02,-637.49,0.17302,-0.63749
8.9612e+05,158.76,-579.17,0.15876,-0.57917
9.9852e+05,146.14,-526.32,0.14614,-0.52632
1.1126e+06,134.86,-478.4,0.13486,-0.4784
1.2397e+06,124.71,-434.92,0.12471,-0.43492
1.3814e+06,115.51,-395.36,0.11551,-0.39536
1.5393e+06,107.12,-359.43,0.10712,-0.35943
1.7152e+06,99.477,-326.65,0.099477,-0.32665
1.9111e+06,92.447,-296.72,0.092447,-0.29672
2.1295e+06,85.986,-269.37,0.085986,-0.26937
2.3729e+06,80.067,-244.32,0.080067,-0.24432
2.644e+06,74.639,-221.3,0.074639,-0.2213
2.9461e+06,69.673,-200.07,0.069673,-0.20007
3.2828e+06,65.157,-180.49,0.065157,-0.18049
3.6579e+06,61.081,-162.4,0.061081,-0.1624
4.0759e+06,57.421,-145.63,0.057421,-0.14563
4.5416e+06,54.664,-129.35,0.054664,-0.12935
5.0606e+06,51.974,-114.63,0.051974,-0.11463
5.6388e+06,49.271,-101.52,0.049271,-0.10152
6.2832e+06,46.55,-89.957,0.04655,-0.089957
125.66,53939,-3070,53.939,-3.07
138.23,55467,-3001.3,55.467,-3.0013
157.08,58614,-3039.7,58.614,-3.0397
175.93,63956,-3202.6,63.956,-3.2026
194.78,72710,-3542.3,72.71,-3.5423
213.63,1.692e+05,-8460.2,169.2,-8.4602
238.76,1.8894e+05,-9447,188.94,-9.447
270.18,1.9985e+05,-9992.7,199.85,-9.9927
301.59,2.4404e+05,-12202,244.04,-12.202
333.01,3.3025e+05,-16512,330.25,-16.512
370.71,2.9595e+05,-14798,295.95,-14.798
414.69,2.4266e+05,-12133,242.66,-12.133
458.67,1.6794e+05,-8397,167.94,-8.397
515.22,1.073e+05,-5365,107.3,-5.365
571.77,82157,-4107.9,82.157,-4.1079
634.6,58426,-2921.3,58.426,-2.9213
710,47028,-2351.4,47.028,-2.3514
791.68,38607,-1930.3,38.607,-1.9303
879.65,32222,-1611.1,32.222,-1.6111
980.18,27460,-1373,27.46,-1.373
1093.3,23423,-1171.1,23.423,-1.1711
1218.9,20243,-1012.1,20.243,-1.0121
1357.2,17524,-876.22,17.524,-0.87622
1514.2,15281,-764.05,15.281,-0.76405
1683.9,13268,-663.39,13.268,-0.66339
1878.7,11602,-580.08,11.602,-0.58008
2092.3,10129,-502.48,10.129,-0.50248
2331.1,8917.2,-437.68,8.9172,-0.43768
2601.2,7946.9,-392.95,7.9469,-0.39295
2896.5,7285,-372.43,7.285,-0.37243
3229.6,6860,-372.59,6.86,-0.37259
3594,6651.1,-393.8,6.6511,-0.3938
4008.7,6571,-432.35,6.571,-0.43235
4467.3,6578.4,-486.64,6.5784,-0.48664
4976.3,6597.5,-548.13,6.5975,-0.54813
5541.8,6611.4,-614.2,6.6114,-0.6142
6176.4,6594.8,-683.33,6.5948,-0.68333
6886.4,6572.8,-759.09,6.5728,-0.75909
7671.8,6548.2,-842.49,6.5482,-0.84249
8545.1,6513.1,-933.08,6.5131,-0.93308
9525.3,6474.6,-1031.7,6.4746,-1.0317
10612,6422.7,-1137.5,6.4227,-1.1375
11825,6362.1,-1251.6,6.3621,-1.2516
13176,6292.8,-1374,6.2928,-1.374
14684,6214.4,-1504.9,6.2144,-1.5049
16361,6122.8,-1643.1,6.1228,-1.6431
18228,6015.1,-1787.2,6.0151,-1.7872
20314,5888.3,-1935.5,5.8883,-1.9355
22632,5740.6,-2086.5,5.7406,-2.0865
25221,5571.5,-2236.1,5.5715,-2.2361
28098,5378.6,-2381.7,5.3786,-2.3817
31309,5165.1,-2520.2,5.1651,-2.5202
34891,4930.9,-2647.9,4.9309,-2.6479
38874,4677.3,-2760.5,4.6773,-2.7605
43316,4406.5,-2855.1,4.4065,-2.8551
48267,4121.3,-2928.1,4.1213,-2.9281
53784,3824.8,-2975.4,3.8248,-2.9754
59929,3523.5,-2997.6,3.5235,-2.9976
66778,3220.2,-2991.5,3.2202,-2.9915
74405,2921.6,-2959.6,2.9216,-2.9596
82907,2631.7,-2902.8,2.6317,-2.9028
92382,2354.6,-2824,2.3546,-2.824
1.0294e+05,2093.2,-2725.8,2.0932,-2.7258
1.147e+05,1850.1,-2612.1,1.8501,-2.6121
1.2781e+05,1626.6,-2486,1.6266,-2.486
1.4241e+05,1423.5,-2351,1.4235,-2.351
1.5868e+05,1238.3,-2209.9,1.2383,-2.2099
1.7682e+05,1077.7,-2067,1.0777,-2.067
1.9702e+05,937.54,-1925,0.93754,-1.925
2.1953e+05,815.11,-1786,0.81511,-1.786
2.4462e+05,708.2,-1651.2,0.7082,-1.6512
2.7257e+05,615,-1521.6,0.615,-1.5216
3.0372e+05,534,-1397.8,0.534,-1.3978
3.3842e+05,463.88,-1280.5,0.46388,-1.2805
3.7709e+05,403.46,-1169.9,0.40346,-1.1699
4.2018e+05,352.52,-1067,0.35252,-1.067
4.682e+05,310.2,-972.15,0.3102,-0.97215
5.2169e+05,274.72,-884.86,0.27472,-0.88486
5.8131e+05,244.79,-804.88,0.24479,-0.80488
6.4773e+05,219.28,-731.63,0.21928,-0.73163
7.2175e+05,197.49,-664.67,0.19749,-0.66467
8.0422e+05,178.7,-603.52,0.1787,-0.60352
8.9612e+05,162.4,-547.88,0.1624,-0.54788
9.9852e+05,148.2,-497.21,0.1482,-0.49721
1.1126e+06,136.03,-451.33,0.13603,-0.45133
1.2397e+06,125.39,-409.7,0.12539,-0.4097
1.3814e+06,116.06,-371.99,0.11606,-0.37199
1.5393e+06,107.76,-337.73,0.10776,-0.33773
1.7152e+06,100.33,-306.57,0.10033,-0.30657
1.9111e+06,93.634,-278.24,0.093634,-0.27824
2.1295e+06,87.559,-252.47,0.087559,-0.25247
2.3729e+06,82.013,-228.94,0.082013,-0.22894
2.644e+06,76.94,-207.41,0.07694,-0.20741
2.9461e+06,72.279,-187.67,0.072279,-0.18767
3.2828e+06,68.01,-169.5,0.06801,-0.1695
3.6579e+06,64.086,-152.72,0.064086,-0.15272
4.0759e+06,60.493,-137.17,0.060493,-0.13717
4.5416e+06,57.684,-122.09,0.057684,-0.12209
5.0606e+06,54.916,-108.41,0.054916,-0.10841
5.6388e+06,52.125,-96.183,0.052125,-0.096183
6.2832e+06,49.309,-85.354,0.049309,-0.085354
125.66,1.043e+05,-5215.2,104.3,-5.2152
138.23,63162,-3158.1,63.162,-3.1581
157.08,48941,-2447,48.941,-2.447
175.93,42755,-2137.8,42.755,-2.1378
194.78,40485,-2024.3,40.485,-2.0243
213.63,46013,-2300.6,46.013,-2.3006
238.76,49864,-2493.2,49.864,-2.4932
270.18,56792,-2839.6,56.792,-2.8396
301.59,64672,-3233.6,64.672,-3.2336
333.01,77983,-3899.2,77.983,-3.8992
370.71,1.0778e+05,-5389.2,107.78,-5.3892
414.69,1.6408e+05,-8203.8,164.08,-8.2038
458.67,2.8423e+05,-14212,284.23,-14.212
515.22,2.8378e+05,-14189,283.78,-14.189
571.77,1.8537e+05,-9268.4,185.37,-9.2684
634.6,1.193e+05,-5965.1,119.3,-5.9651
710,73330,-3666.5,73.33,-3.6665
791.68,51840,-2592,51.84,-2.592
879.65,40340,-2017,40.34,-2.017
980.18,32736,-1636.8,32.736,-1.6368
1093.3,26789,-1339.5,26.789,-1.3395
1218.9,22404,-1120.2,22.404,-1.1202
1357.2,19024,-951.18,19.024,-0.95118
1514.2,16171,-808.57,16.171,-0.80857
1683.9,13924,-696.21,13.924,-0.69621
1878.7,12011,-600.55,12.011,-0.60055
2092.3,10446,-522.3,10.446,-0.5223
2331.1,9230.4,-461.52,9.2304,-0.46152
2601.2,8101.3,-405.06,8.1013,-0.40506
2896.5,7088.7,-351.45,7.0887,-0.35145
3229.6,6221.2,-305.54,6.2212,-0.30554
3594,5560.2,-275.37,5.5602,-0.27537
4008.7,5119.8,-262.13,5.1198,-0.26213
4467.3,4837.7,-262.96,4.8377,-0.26296
4976.3,4697.2,-278.04,4.6972,-0.27804
5541.8,4675,-307.69,4.675,-0.30769
6176.4,4692.7,-347.29,4.6927,-0.34729
6886.4,4699.8,-390.06,4.6998,-0.39006
7671.8,4686.5,-433.83,4.6865,-0.43383
8545.1,4670.4,-481.83,4.6704,-0.48183
9525.3,4650.3,-534.3,4.6503,-0.5343
10612,4630.4,-592.04,4.6304,-0.59204
11825,4604.6,-654.84,4.6046,-0.65484
13176,4576.7,-723.5,4.5767,-0.7235
14684,4544.8,-797.77,4.5448,-0.79777
16361,4504.8,-877.5,4.5048,-0.8775
18228,4457.3,-963.08,4.4573,-0.96308
20314,4400.8,-1054,4.4008,-1.054
22632,4332.5,-1149,4.3325,-1.149
25221,4253.3,-1248.7,4.2533,-1.2487
28098,4162.5,-1351,4.1625,-1.351
31309,4059.2,-1455.3,4.0592,-1.4553
34891,3943.8,-1560.7,3.9438,-1.5607
38874,3812.1,-1663.3,3.8121,-1.6633
43316,3665.3,-1761.4,3.6653,-1.7614
48267,3503.4,-1852.2,3.5034,-1.8522
53784,3326.9,-1932.6,3.3269,-1.9326
59929,3137.1,-1999.4,3.1371,-1.9994
66778,2937.7,-2051.5,2.9377,-2.0515
74405,2730.3,-2085.9,2.7303,-2.0859
82907,2518.8,-2102.3,2.5188,-2.1023
92382,2306.4,-2100.1,2.3064,-2.1001
1.0294e+05,2096.6,-2079.6,2.0966,-2.0796
1.147e+05,1892.6,-2042,1.8926,-2.042
1.2781e+05,1697,-1989,1.697,-1.989
1.4241e+05,1512.2,-1922.3,1.5122,-1.9223
1.5868e+05,1336,-1845.4,1.336,-1.8454
1.7682e+05,1179.6,-1756.9,1.1796,-1.7569
1.9702e+05,1040,-1662.3,1.04,-1.6623
2.1953e+05,914.71,-1564.5,0.91471,-1.5645
2.4462e+05,802.15,-1465.6,0.80215,-1.4656
2.7257e+05,701.05,-1367,0.70105,-1.367
3.0372e+05,610.52,-1269.8,0.61052,-1.2698
3.3842e+05,529.82,-1174.8,0.52982,-1.1748
3.7709e+05,458.41,-1082.7,0.45841,-1.0827
4.2018e+05,397.2,-994.49,0.3972,-0.99449
4.682e+05,346.79,-911.26,0.34679,-0.91126
5.2169e+05,304.83,-833.41,0.30483,-0.83341
5.8131e+05,269.39,-760.93,0.26939,-0.76093
6.4773e+05,239.16,-693.77,0.23916,-0.69377
7.2175e+05,213.23,-631.71,0.21323,-0.63171
8.0422e+05,190.79,-574.49,0.19079,-0.57449
8.9612e+05,171.31,-521.91,0.17131,-0.52191
9.9852e+05,154.37,-473.77,0.15437,-0.47377
1.1126e+06,140.22,-429.88,0.14022,-0.42988
1.2397e+06,128.15,-389.96,0.12815,-0.38996
1.3814e+06,117.81,-353.66,0.11781,-0.35366
1.5393e+06,108.89,-320.69,0.10889,-0.32069
1.7152e+06,101.14,-290.74,0.10114,-0.29074
1.9111e+06,94.34,-263.51,0.09434,-0.26351
2.1295e+06,88.325,-238.75,0.088325,-0.23875
2.3729e+06,82.97,-216.23,0.08297,-0.21623
2.644e+06,78.155,-195.72,0.078155,-0.19572
2.9461e+06,73.806,-176.97,0.073806,-0.17697
3.2828e+06,69.856,-159.79,0.069856,-0.15979
3.6579e+06,66.262,-144.01,0.066262,-0.14401
4.0759e+06,62.98,-129.45,0.06298,-0.12945
4.5416e+06,60.428,-115.51,0.060428,-0.11551
5.0606e+06,57.889,-102.83,0.057889,-0.10283
5.6388e+06,55.29,-91.444,0.05529,-0.091444
6.2832e+06,52.626,-81.302,0.052626,-0.081302
125.66,1.0382e+05,-6607.3,103.82,-6.6073
138.23,68585,-3786.2,68.585,-3.7862
157.08,54616,-2827.8,54.616,-2.8278
175.93,48033,-2404.5,48.033,-2.4045
194.78,45232,-2224.7,45.232,-2.2247
213.63,52150,-2607.5,52.15,-2.6075
238.76,47010,-2350.5,47.01,-2.3505
270.18,55777,-2788.8,55.777,-2.7888
301.59,65024,-3251.2,65.024,-3.2512
333.01,77646,-3882.3,77.646,-3.8823
370.71,1.0601e+05,-5300.5,106.01,-5.3005
414.69,1.5848e+05,-7924.2,158.48,-7.9242
458.67,2.6645e+05,-13322,266.45,-13.322
515.22,2.6746e+05,-13373,267.46,-13.373
571.77,1.8018e+05,-9009.1,180.18,-9.0091
634.6,1.1851e+05,-5925.7,118.51,-5.9257
710,73782,-3689.1,73.782,-3.6891
791.68,51840,-2592,51.84,-2.592
879.65,40747,-2037.3,40.747,-2.0373
980.18,32560,-1628,32.56,-1.628
1093.3,26680,-1334,26.68,-1.334
1218.9,22157,-1107.8,22.157,-1.1078
1357.2,18498,-924.9,18.498,-0.9249
1514.2,15755,-787.73,15.755,-0.78773
1683.9,13458,-672.92,13.458,-0.67292
1878.7,11633,-581.65,11.633,-0.58165
2092.3,10263,-513.15,10.263,-0.51315
2331.1,9028.2,-451.41,9.0282,-0.45141
2601.2,7965.3,-398.26,7.9653,-0.39826
2896.5,7070.1,-353.5,7.0701,-0.3535
3229.6,6259.9,-312.99,6.2599,-0.31299
3594,5560.8,-278.04,5.5608,-0.27804
4008.7,4863.6,-239.61,4.8636,-0.23961
4467.3,4309.4,-211.35,4.3094,-0.21135
4976.3,3919.8,-195.72,3.9198,-0.19572
5541.8,3653.7,-190.81,3.6537,-0.19081
6176.4,3501.6,-196.32,3.5016,-0.19632
6886.4,3443.6,-212.21,3.4436,-0.21221
7671.8,3444,-237.3,3.444,-0.2373
8545.1,3505.4,-274.67,3.5054,-0.27467
9525.3,3440.9,-295.38,3.4409,-0.29538
10612,3391.7,-320.42,3.3917,-0.32042
11825,3358.9,-350.67,3.3589,-0.35067
13176,3337.7,-386.71,3.3377,-0.38671
14684,3330.4,-429.81,3.3304,-0.42981
16361,3334.6,-481.5,3.3346,-0.4815
18228,3350.2,-543.59,3.3502,-0.54359
20314,3376.7,-618.34,3.3767,-0.61834
22632,3313.1,-665.93,3.3131,-0.66593
25221,3275.3,-729.5,3.2753,-0.7295
28098,3232.4,-797.29,3.2324,-0.79729
31309,3180.2,-868.17,3.1802,-0.86817
34891,3121.6,-942.46,3.1216,-0.94246
38874,3052.9,-1018.3,3.0529,-1.0183
43316,2974.3,-1095.1,2.9743,-1.0951
48267,2885.5,-1171.5,2.8855,-1.1715
53784,2785.8,-1245.8,2.7858,-1.2458
59929,2674.7,-1316.1,2.6747,-1.3161
66778,2552.5,-1380,2.5525,-1.38
74405,2419.3,-1435.3,2.4193,-1.4353
82907,2277.8,-1480.8,2.2778,-1.4808
92382,2129.5,-1514.7,2.1295,-1.5147
1.0294e+05,1976.5,-1535.9,1.9765,-1.5359
1.147e+05,1821.2,-1544.1,1.8212,-1.5441
1.2781e+05,1666,-1538.7,1.666,-1.5387
1.4241e+05,1513.3,-1520.2,1.5133,-1.5202
1.5868e+05,1361.1,-1493.3,1.3611,-1.4933
1.7682e+05,1222.8,-1448.3,1.2228,-1.4483
1.9702e+05,1095.9,-1392.5,1.0959,-1.3925
2.1953e+05,979.03,-1330.2,0.97903,-1.3302
2.4462e+05,870.91,-1264.2,0.87091,-1.2642
2.7257e+05,770.65,-1195.9,0.77065,-1.1959
3.0372e+05,677.76,-1126.2,0.67776,-1.1262
3.3842e+05,592,-1055.9,0.592,-1.0559
3.7709e+05,513.45,-985.45,0.51345,-0.98545
4.2018e+05,444.58,-915.05,0.44458,-0.91505
4.682e+05,387.97,-845.68,0.38797,-0.84568
5.2169e+05,340.66,-778.84,0.34066,-0.77884
5.8131e+05,300.49,-715.38,0.30049,-0.71538
6.4773e+05,265.81,-655.58,0.26581,-0.65558
7.2175e+05,235.64,-599.56,0.23564,-0.59956
8.0422e+05,209.13,-547.25,0.20913,-0.54725
8.9612e+05,185.74,-498.63,0.18574,-0.49863
9.9852e+05,165.15,-453.63,0.16515,-0.45363
1.1126e+06,148.24,-412.2,0.14824,-0.4122
1.2397e+06,133.96,-374.18,0.13396,-0.37418
1.3814e+06,121.89,-339.42,0.12189,-0.33942
1.5393e+06,111.65,-307.64,0.11165,-0.30764
1.7152e+06,102.92,-278.66,0.10292,-0.27866
1.9111e+06,95.463,-252.28,0.095463,-0.25228
2.1295e+06,89.023,-228.25,0.089023,-0.22825
2.3729e+06,83.439,-206.41,0.083439,-0.20641
2.644e+06,78.554,-186.51,0.078554,-0.18651
2.9461e+06,74.24,-168.36,0.07424,-0.16836
3.2828e+06,70.412,-151.77,0.070412,-0.15177
3.6579e+06,66.983,-136.57,0.066983,-0.13657
4.0759e+06,63.892,-122.61,0.063892,-0.12261
4.5416e+06,61.526,-109.36,0.061526,-0.10936
5.0606e+06,59.16,-97.316,0.05916,-0.097316
5.6388e+06,56.715,-86.478,0.056715,-0.086478
6.2832e+06,54.175,-76.803,0.054175,-0.076803
125.66,38292,-1914.6,38.292,-1.9146
138.23,28439,-1421.9,28.439,-1.4219
157.08,24031,-1201.6,24.031,-1.2016
175.93,21997,-1099.8,21.997,-1.0998
194.78,21408,-1070.4,21.408,-1.0704
213.63,23530,-1176.5,23.53,-1.1765
238.76,26289,-1314.4,26.289,-1.3144
270.18,30066,-1503.3,30.066,-1.5033
301.59,32886,-1644.3,32.886,-1.6443
333.01,36819,-1841,36.819,-1.841
370.71,41095,-2054.7,41.095,-2.0547
414.69,46977,-2348.9,46.977,-2.3489
458.67,58297,-2914.8,58.297,-2.9148
515.22,80926,-4046.3,80.926,-4.0463
571.77,1.2573e+05,-6286.6,125.73,-6.2866
634.6,2.1596e+05,-10798,215.96,-10.798
710,1.8891e+05,-9445.6,188.91,-9.4456
791.68,1.2303e+05,-6151.3,123.03,-6.1513
879.65,76618,-3830.9,76.618,-3.8309
980.18,49668,-2483.4,49.668,-2.4834
1093.3,37261,-1863.1,37.261,-1.8631
1218.9,29334,-1466.7,29.334,-1.4667
1357.2,23624,-1181.2,23.624,-1.1812
1514.2,19344,-967.18,19.344,-0.96718
1683.9,15859,-792.93,15.859,-0.79293
1878.7,13381,-669.07,13.381,-0.66907
2092.3,11378,-568.88,11.378,-0.56888
2331.1,9830.5,-491.52,9.8305,-0.49152
2601.2,8601.1,-430.05,8.6011,-0.43005
2896.5,7540.1,-377,7.5401,-0.377
3229.6,6635.9,-331.8,6.6359,-0.3318
3594,5850.7,-292.54,5.8507,-0.29254
4008.7,5162.3,-258.11,5.1623,-0.25811
4467.3,4578.8,-228.94,4.5788,-0.22894
4976.3,4011.3,-198.18,4.0113,-0.19818
5541.8,3548,-174.17,3.548,-0.17417
6176.4,3199.4,-159.19,3.1994,-0.15919
6886.4,2965.9,-153.46,2.9659,-0.15346
7671.8,2827,-156.16,2.827,-0.15616
8545.1,2761.3,-166.81,2.7613,-0.16681
9525.3,2750.6,-185.15,2.7506,-0.18515
10612,2767.1,-209.46,2.7671,-0.20946
11825,2766.3,-233.95,2.7663,-0.23395
13176,2757.7,-259.86,2.7577,-0.25986
14684,2749.3,-288.39,2.7493,-0.28839
16361,2737.9,-319.47,2.7379,-0.31947
18228,2727.2,-353.77,2.7272,-0.35377
20314,2712.3,-390.91,2.7123,-0.39091
22632,2694.8,-431.28,2.6948,-0.43128
25221,2674.6,-475.11,2.6746,-0.47511
28098,2650.2,-522.08,2.6502,-0.52208
31309,2620.7,-572.05,2.6207,-0.57205
34891,2587.6,-625.64,2.5876,-0.62564
38874,2548.1,-681.73,2.5481,-0.68173
43316,2502.8,-740.41,2.5028,-0.74041
48267,2449.2,-800.42,2.4492,-0.80042
53784,2387.7,-861.13,2.3877,-0.86113
59929,2317.9,-921.69,2.3179,-0.92169
66778,2239.2,-980.54,2.2392,-0.98054
74405,2151.6,-1036.3,2.1516,-1.0363
82907,2055.6,-1087.5,2.0556,-1.0875
92382,1951.5,-1132.4,1.9515,-1.1324
1.0294e+05,1840.3,-1169.7,1.8403,-1.1697
1.147e+05,1723.5,-1198.2,1.7235,-1.1982
1.2781e+05,1602.6,-1216.8,1.6026,-1.2168
1.4241e+05,1479.6,-1225.1,1.4796,-1.2251
1.5868e+05,1352.5,-1228.8,1.3525,-1.2288
1.7682e+05,1233.3,-1210.8,1.2333,-1.2108
1.9702e+05,1121.3,-1180,1.1213,-1.18
2.1953e+05,1015.9,-1141.4,1.0159,-1.1414
2.4462e+05,915.98,-1098.2,0.91598,-1.0982
2.7257e+05,821.15,-1052.2,0.82115,-1.0522
3.0372e+05,730.7,-1004.2,0.7307,-1.0042
3.3842e+05,644.68,-954.67,0.64468,-0.95467
3.7709e+05,559.83,-904.97,0.55983,-0.90497
4.2018e+05,491.7,-848.58,0.4917,-0.84858
4.682e+05,434.07,-790.95,0.43407,-0.79095
5.2169e+05,384.28,-734.01,0.38428,-0.73401
5.8131e+05,340.38,-678.87,0.34038,-0.67887
6.4773e+05,301.11,-626.2,0.30111,-0.6262
7.2175e+05,265.55,-577.37,0.26555,-0.57737
8.0422e+05,233.82,-528.12,0.23382,-0.52812
8.9612e+05,205.1,-482.69,0.2051,-0.48269
9.9852e+05,181.57,-440.52,0.18157,-0.44052
1.1126e+06,161.57,-401.52,0.16157,-0.40152
1.2397e+06,144.62,-365.58,0.14462,-0.36558
1.3814e+06,130.26,-332.47,0.13026,-0.33247
1.5393e+06,118.13,-302.1,0.11813,-0.3021
1.7152e+06,107.87,-274.23,0.10787,-0.27423
1.9111e+06,99.347,-248.02,0.099347,-0.24802
2.1295e+06,92.055,-224.33,0.092055,-0.22433
2.3729e+06,85.825,-202.69,0.085825,-0.20269
2.644e+06,80.48,-182.96,0.08048,-0.18296
2.9461e+06,75.866,-164.94,0.075866,-0.16494
3.2828e+06,71.858,-148.48,0.071858,-0.14848
3.6579e+06,68.355,-133.41,0.068355,-0.13341
4.0759e+06,65.26,-119.59,0.06526,-0.11959
4.5416e+06,62.952,-106.56,0.062952,-0.10656
5.0606e+06,60.658,-94.714,0.060658,-0.094714
5.6388e+06,58.277,-84.038,0.058277,-0.084038
6.2832e+06,55.785,-74.492,0.055785,-0.074492
